1;Evolving Wilds
1;Counterspell
1;Daze
1;Chain Lightning
1;Capsize
1;Smash to Smithereens
1;Seeker of the Way
1;Evolving Wilds
1;Duress
1;Elvish Mystic
1;Faithless Looting
1;Ancient Grudge
1;Forbidden Alchemy
1;Evolving Wilds
1;Gitaxian Probe
1;Fling
1;Sylvan Ranger
1;Vault Skirge
1;Spellstutter Sprite
1;Doom Blade
1;Searing Blaze
1;Fling
1;Sylvan Ranger
1;Elvish Visionary
1;Rift Bolt
1;Lightning Bolt
1;Sign in Blood
1;Kor Skyfisher
1;Magma Jet
1;Myr Enforcer
1;Mulldrifter
1;Sakura-Tribe Elder
1;Unmake
1;Terminate
1;Serrated Arrows
1;Ponder
1;Llanowar Elves
1;Serrated Arrows
1;Brainstorm
1;Gorilla Shaman
1;Castigate
1;Coiling Oracle
1;Sakura-Tribe Elder
1;Armadillo Cloak
1;Terminate
1;Chainer's Edict
1;Circular Logic
1;Chittering Rats
1;Chittering Rats
1;Crypt Rats
1;Chittering Rats
1;Sakura-Tribe Elder
1;Rancor
1;Blastoderm
1;Duress
1;Counterspell
1;Accumulated Knowledge
1;Brainstorm
1;Muscle Sliver
1;Capsize
1;Priest of Titania
1;Krosan Tusker
1;Counterspell
1;Llanowar Elves
1;Fireblast
1;Brainstorm
1;Armadillo Cloak
1;Unmake
1;Krosan Tusker
1;Coiling Oracle
1;Duress
1;Rancor
1;Serrated Arrows
1;Ponder
1;Blastoderm
1;Terminate
1;Castigate
1;Lightning Bolt
1;Llanowar Elves
1;Quirion Ranger
1;Muscle Sliver
1;Capsize
1;Fling
1;Fling
1;Priest of Titania
1;Magma Jet
1;Accumulated Knowledge
1;Mulldrifter
1;Sakura-Tribe Elder
1;Lightning Bolt
1;Sign in Blood
1;Terminate
1;Chainer's Edict
1;Circular Logic
1;Myr Enforcer
1;Sakura-Tribe Elder
1;Counterspell
1;Elvish Visionary
1;Fling
1;Sylvan Ranger
1;Rift Bolt
1;Doom Blade
1;Spellstutter Sprite
1;Searing Blaze
1;Vault Skirge
1;Kor Skyfisher
1;Ancient Grudge
1;Fireblast
1;Fyndhorn Elves
1;Forbidden Alchemy
1;Evolving Wilds
1;Gitaxian Probe
1;Elvish Mystic
1;Evolving Wilds
1;Seeker of the Way
1;Accumulated Knowledge
1;Smash to Smithereens
1;Gush
1;Gorilla Shaman
1;Snap
1;Quirion Ranger
1;Chittering Rats
1;Exclude
1;Doom Blade
1;Cuombajj Witches
1;Fling
1;Quirion Ranger
1;Fireblast
1;Duress
1;Llanowar Elves
1;Counterspell
1;Sakura-Tribe Elder
1;Lightning Bolt
1;Counterspell
1;Phyrexian Rager
1;Counterspell
1;Pestilence
1;Lightning Bolt
1;Fog
1;Llanowar Elves
1;Tranquility
1;Counterspell
1;Pestilence
1;Lightning Bolt
1;Fog
1;Llanowar Elves
1;Tranquility
1;Pestilence
1;Counterspell
1;Fog
1;Llanowar Elves
1;Tranquility
1;Lightning Bolt
1;Counterspell
1;Pestilence
1;Lightning Bolt
1;Fog
1;Llanowar Elves
1;Tranquility
1;Cuombajj Witches
1;Oubliette
1;Oubliette
1;Pestilence
1;Counterspell
1;Fog
1;Llanowar Elves
1;Tranquility
1;Lightning Bolt
1;Atog
1;Urza's Mine
1;Urza's Mine
1;Urza's Mine
1;Urza's Mine
1;Urza's Power Plant
1;Urza's Power Plant
1;Urza's Power Plant
1;Urza's Power Plant
1;Urza's Tower
1;Urza's Tower
1;Urza's Tower
1;Urza's Tower
1;Counterspell
1;Pestilence
1;Atog
1;Lightning Bolt
1;Fog
1;Llanowar Elves
1;Tranquility
1;Chain Lightning
1;Counterspell
1;Pestilence
1;Atog
1;Lightning Bolt
1;Fog
1;Llanowar Elves
1;Tranquility
1;Counterspell
1;Pestilence
1;Lightning Bolt
1;Fog
1;Llanowar Elves
1;Tranquility
1;Brainstorm
1;Counterspell
1;Hydroblast
1;Pyroblast
1;Fyndhorn Elves
1;Thermokarst
1;Snow-Covered Island
1;Snow-Covered Swamp
1;Snow-Covered Mountain
1;Cuombajj Witches
1;Urza's Mine
1;Urza's Mine
1;Urza's Mine
1;Urza's Mine
1;Urza's Power Plant
1;Urza's Power Plant
1;Urza's Power Plant
1;Urza's Power Plant
1;Urza's Tower
1;Urza's Tower
1;Urza's Tower
1;Urza's Tower
1;Serrated Arrows
1;Arcane Denial
1;Arcane Denial
1;Gorilla Shaman
1;Gorilla Shaman
1;Choking Sands
1;Fog
1;Serene Heart
1;Crypt Rats
1;Fireblast
1;Quirion Ranger
1;Brainstorm
1;Counterspell
1;Hydroblast
1;Pestilence
1;Atog
1;Pyroblast
1;Fog
1;Llanowar Elves
1;Tranquility
1;Urza's Mine
1;Urza's Power Plant
1;Urza's Tower
1;Talon Sliver
1;Capsize
1;Counterspell
1;Shadow Rift
1;Evincar's Justice
1;Mogg Conscripts
1;Rolling Thunder
1;Muscle Sliver
1;Tranquility
1;Tortured Existence
1;Fling
1;Mob Justice
1;Temple Acolyte
1;Fade Away
1;Reclaim
1;Annul
1;Duress
1;Pestilence
1;Priest of Titania
1;Remote Isle
1;Cuombajj Witches
1;Lightning Bolt
1;Llanowar Elves
1;Serrated Arrows
1;Aura Flux
1;Snap
1;Rancor
1;Counterspell
1;Pestilence
1;Fog
1;Llanowar Elves
1;Tranquility
1;Reckless Abandon
1;Magnify
1;Counterspell
1;Brainstorm
1;Counterspell
1;Gush
1;Snuff Out
1;Ancestral Mask
1;Land Grant
1;Spidersilk Armor
1;Tranquility
1;Counterspell
1;Llanowar Elves
1;Pestilence
1;Remote Isle
1;Rolling Thunder
1;Tranquility
1;Accumulated Knowledge
1;Daze
1;Blastoderm
1;Counterspell
1;Llanowar Elves
1;Spore Frog
1;Brainstorm
1;Counterspell
1;Lightning Bolt
1;Fog
1;Llanowar Elves
1;Remote Isle
1;Exclude
1;Prohibit
1;Tangle
1;Tranquility
1;Armadillo Cloak
1;Sunscape Familiar
1;Terminate
1;Counterspell
1;Crypt Rats
1;Duress
1;Fog
1;Llanowar Elves
1;Reclaim
1;Tranquility
1;Coalition Honor Guard
1;Standard Bearer
1;Phyrexian Rager
1;Temporal Spring
1;Tireless Tribe
1;Words of Wisdom
1;Innocent Blood
1;Moment's Peace
1;Fyndhorn Elves
1;Circular Logic
1;Coral Net
1;Chainer's Edict
1;Battle Screech
1;Prismatic Strands
1;Ray of Revelation
1;Flaring Pain
1;Swirling Sandstorm
1;Elephant Guide
1;Birchlore Rangers
1;Elvish Vanguard
1;Krosan Tusker
1;Wellwisher
1;Barren Moor
1;Forgotten Cave
1;Secluded Steppe
1;Plated Sliver
1;Quick Sliver
1;Timberwatch Elf
1;Urza's Mine
1;Urza's Power Plant
1;Urza's Tower
1;Annul
1;Thoughtcast
1;Atog
1;Krark-Clan Shaman
1;Molten Rain
1;Frogmite
1;Myr Enforcer
1;Viridian Longbow
1;Ancient Den
1;Great Furnace
1;Seat of the Synod
1;Tree of Tales
1;Hallow
1;Echoing Truth
1;Chittering Rats
1;Nourish
1;Reap and Sow
1;Spire Golem
1;Darksteel Citadel
1;Condescend
1;Night's Whisper
1;Magma Jet
1;Lava Spike
1;Sakura-Tribe Elder
1;Kami of False Hope
1;Ninja of the Deep Hours
1;Okiba-Gang Shinobi
1;Goblin Cohort
1;Sakura-Tribe Scout
1;Llanowar Elves
1;Reclaim
1;Urza's Mine
1;Urza's Power Plant
1;Urza's Tower
1;Compulsive Research
1;Dizzy Spell
1;Muddle the Mixture
1;Stinkweed Imp
1;Golgari Brownscale
1;Boros Garrison
1;Dimir Aqueduct
1;Golgari Rot Farm
1;Gigadrowse
1;Silhana Ledgewalker
1;Skarrgan Pit-Skulk
1;Castigate
1;Izzet Boilerworks
1;Orzhov Basilica
1;Guardian of the Guildpact
1;Utopia Sprawl
1;Coiling Oracle
1;Azorius Chancery
1;Simic Growth Chamber
1;Grim Harvest
1;Martyr of Ashes
1;Skred
1;Snow-Covered Island
1;Snow-Covered Swamp
1;Snow-Covered Mountain
1;Sidewinder Sliver
1;Mystical Teachings
1;Tendrils of Corruption
1;Ancient Grudge
1;Rift Bolt
1;Mwonvuli Acid-Moss
1;Penumbra Spider
1;Spinneret Sliver
1;Chromatic Star
1;Prismatic Lens
1;Sinew Sliver
1;Piracy Charm
1;Stingscourger
1;Essence Warden
1;Foresee
1;Grave Scrabbler
1;Ghostfire
1;Quiet Disrepair
1;Wrap in Vigor
1;Virulent Sliver
1;Phyrexian Rager
1;Llanowar Elves
1;Chromatic Star
1;Arcane Denial
1;Hydroblast
1;Cuombajj Witches
1;Oubliette
1;Lightning Bolt
1;Pyroblast
1;Fyndhorn Elves
1;Mulldrifter
1;Ponder
1;Spellstutter Sprite
1;Needle Drop
1;Lignify
1;Lys Alana Huntmaster
1;Springleaf Drum
1;Llanowar Elves
1;Lys Alana Huntmaster
1;Timberwatch Elf
1;Wellwisher
1;Goblin Cohort
1;Forgotten Cave
1;Distant Melody
1;Shard Volley
1;Luminescent Rain
1;Faerie Macabre
1;Mudbrawler Cohort
1;Smash to Smithereens
1;Gleeful Sabotage
1;Curse of Chains
1;Raven's Crime
1;Nettle Sentinel
1;Unmake
1;Inside Out
1;Slippery Bogle
1;Brainstorm
1;Counterspell
1;Gorilla Shaman
1;Thermokarst
1;Snow-Covered Island
1;Snow-Covered Swamp
1;Snow-Covered Mountain
1;Elvish Visionary
1;Relic of Progenitus
1;Mulldrifter
1;Spire Golem
1;Daze
1;Counterspell
1;Gush
1;Condescend
1;Magma Jet
1;Fireblast
1;Scattershot Archer
1;Secluded Steppe
1;Stinkweed Imp
1;Duress
1;Barren Moor
1;Soul Manipulation
1;Terminate
1;Putrid Leech
1;Lifelink
1;Essence Scatter
1;Ponder
1;Doom Blade
1;Duress
1;Sign in Blood
1;Tendrils of Corruption
1;Jackal Familiar
1;Lightning Bolt
1;Elvish Visionary
1;Fog
1;Llanowar Elves
1;Kor Sanctifiers
1;Innocent Blood
1;Rolling Thunder
1;Myr Enforcer
1;Relic of Progenitus
1;Ancient Den
1;Boros Garrison
1;Great Furnace
1;Seat of the Synod
1;Tree of Tales
1;Chain Lightning
1;Journey to Nowhere
1;Kor Sanctifiers
1;Kor Skyfisher
1;Disfigure
1;Goblin Bushwhacker
1;Mold Shambler
1;Vines of Vastwood
1;Expedition Map
1;Kabira Crossroads
1;Blastoderm
1;Krosan Tusker
1;Rancor
1;Lignify
1;Elephant Guide
1;Serrated Arrows
1;Phyrexian Rager
1;Faerie Macabre
1;Sign in Blood
1;Snuff Out
1;Tendrils of Corruption
1;Virulent Sliver
1;Muscle Sliver
1;Quick Sliver
1;Distant Melody
1;Dispel
1;Searing Blaze
1;Bojuka Bog
1;Khalni Garden
1;Tendrils of Corruption
1;Armadillo Cloak
1;Lone Missionary
1;Mnemonic Wall
1;Sea Gate Oracle
1;Shrivel
1;Flame Slash
1;Kiln Fiend
1;Aura Gnarlid
1;Nest Invader
1;Prophetic Prism
1;Evolving Wilds
1;Essence Scatter
1;Elvish Visionary
1;Lys Alana Huntmaster
1;Sign in Blood
1;Fog
1;Gleeful Sabotage
1;Krosan Tusker
1;Rancor
1;Sakura-Tribe Elder
1;Armadillo Cloak
1;Terminate
1;Unmake
1;Barren Moor
1;Khalni Garden
1;Secluded Steppe
1;Foresee
1;Jace's Erasure
1;Preordain
1;Doom Blade
1;Duress
1;Sign in Blood
1;Fling
1;Lightning Bolt
1;Fog
1;Llanowar Elves
1;Sylvan Ranger
1;Kor Skyfisher
1;Temple Acolyte
1;Journey to Nowhere
1;Kabira Crossroads
1;Frogmite
1;Echoing Truth
1;Thoughtcast
1;Darksteel Citadel
1;Seat of the Synod
1;Glint Hawk
1;Fume Spitter
1;Galvanic Blast
1;Carapace Forger
1;Nihil Spellbomb
1;Chain Lightning
1;Fireblast
1;Capsize
1;Compulsive Research
1;Lava Spike
1;Lightning Bolt
1;Magma Jet
1;Pyroblast
1;Rift Bolt
1;Mulldrifter
1;Relic of Progenitus
1;Grim Harvest
1;Stinkweed Imp
1;Ancient Grudge
1;Chain Lightning
1;Lightning Bolt
1;Elvish Visionary
1;Krosan Tusker
1;Moment's Peace
1;Sakura-Tribe Elder
1;Armadillo Cloak
1;Coiling Oracle
1;Temporal Spring
1;Terminate
1;Relic of Progenitus
1;Azorius Chancery
1;Barren Moor
1;Forgotten Cave
1;Golgari Rot Farm
1;Simic Growth Chamber
1;Chain Lightning
1;Lightning Bolt
1;Fireblast
1;Brainstorm
1;Temple Acolyte
1;Counterspell
1;Atog
1;Fog
1;Urza's Mine
1;Urza's Mine
1;Urza's Mine
1;Urza's Mine
1;Urza's Power Plant
1;Urza's Power Plant
1;Urza's Power Plant
1;Urza's Power Plant
1;Urza's Tower
1;Urza's Tower
1;Urza's Tower
1;Urza's Tower
1;Phyrexian Rager
1;Lead the Stampede
1;Flayer Husk
1;Spidersilk Armor
1;Ghostfire
1;Apostle's Blessing
1;Gitaxian Probe
1;Vapor Snag
1;Geth's Verdict
1;Vault Skirge
1;Gut Shot
1;Mutagenic Growth
1;Ancient Den
1;Seat of the Synod
1;Fume Spitter
1;Innocent Blood
1;Journey to Nowhere
1;Brainstorm
1;Mulldrifter
1;Doom Blade
1;Evincar's Justice
1;Sign in Blood
1;Krosan Tusker
1;Penumbra Spider
1;Sakura-Tribe Elder
1;Terminate
1;Prophetic Prism
1;Azorius Chancery
1;Barren Moor
1;Bojuka Bog
1;Boros Garrison
1;Dimir Aqueduct
1;Evolving Wilds
1;Forgotten Cave
1;Golgari Rot Farm
1;Izzet Boilerworks
1;Orzhov Basilica
1;Secluded Steppe
1;Simic Growth Chamber
1;Lifelink
1;Stonehorn Dignitary
1;Jace's Erasure
1;Ponder
1;Doom Blade
1;Fling
1;Fog
1;Gladecover Scout
1;Llanowar Elves
1;Reclaim
1;Essence Warden
1;Sylvan Ranger
1;Lead the Stampede
1;Evolving Wilds
1;Vapor Snag
1;Delver of Secrets
1;Forbidden Alchemy
1;Dead Weight
1;Victim of Night
1;Ancient Grudge
1;Curse of the Pierced Heart
1;Ambush Viper
1;Gnaw to the Bone
1;Duress
1;Ray of Revelation
1;Stormbound Geist
1;Faithless Looting
1;Fling
1;Hunger of the Howlpack
1;Young Wolf
1;Evolving Wilds
1;Preordain
1;Azorius Chancery
1;Searing Blaze
1;Ghostly Flicker
1;Abundant Growth
1;Ninja of the Deep Hours
1;Okiba-Gang Shinobi
1;Fling
1;Aura Gnarlid
1;Nest Invader
1;Penumbra Spider
1;Quiet Disrepair
1;Rancor
1;Silhana Ledgewalker
1;Flayer Husk
1;Dimir Aqueduct
1;Khalni Garden
1;Archaeomancer
1;Augur of Bolas
1;Essence Scatter
1;Duress
1;Sign in Blood
1;Elvish Visionary
1;Fog
1;Rancor
1;Evolving Wilds
1;Kiln Fiend
1;Brainstorm
1;Forgotten Cave
1;Izzet Boilerworks
1;Putrid Leech
1;Stinkweed Imp
1;Barren Moor
1;Golgari Rot Farm
1;Ethereal Armor
1;Dispel
1;Electrickery
1;Devour Flesh
1;Dinrova Horror
1;Burning-Tree Emissary
1;Prophetic Prism
1;Unmake
1;Evolving Wilds
1;Faithless Looting
1;Flame Slash
1;Terminate
1;Crypt Incursion
1;Nivix Cyclops
1;Echoing Truth
1;Mulldrifter
1;Spellstutter Sprite
1;Faerie Macabre
1;Raven's Crime
1;Stinkweed Imp
1;Lava Spike
1;Rift Bolt
1;Stingscourger
1;Penumbra Spider
1;Frogmite
1;Myr Enforcer
1;Relic of Progenitus
1;Sentinel Sliver
1;Archaeomancer
1;Essence Scatter
1;Doom Blade
1;Duress
1;Shrivel
1;Elvish Mystic
1;Fog
1;Gladecover Scout
1;Predatory Sliver
1;Fyndhorn Elves
1;Chainer's Edict
1;Magma Jet
1;Krosan Tusker
1;Annul
1;Mnemonic Wall
1;Gray Merchant of Asphodel
1;Magma Jet
1;Commune with the Gods
1;Arcane Denial
1;Augur of Bolas
1;Mnemonic Wall
1;Krosan Tusker
1;Mold Shambler
1;Sakura-Tribe Elder
1;Soul Manipulation
1;Nihil Spellbomb
1;Azorius Chancery
1;Barren Moor
1;Bojuka Bog
1;Boros Garrison
1;Evolving Wilds
1;Forgotten Cave
1;Golgari Rot Farm
1;Izzet Boilerworks
1;Khalni Garden
1;Orzhov Basilica
1;Secluded Steppe
1;Springleaf Drum
1;Sea Gate Oracle
1;Archaeomancer
1;Prohibit
1;Putrid Leech
1;Mold Shambler
1;Night's Whisper
1;Relic of Progenitus
1;Duress
1;Brainstorm
1;Compulsive Research
1;Elephant Guide
1;Hunger of the Howlpack
1;Lead the Stampede
1;Sakura-Tribe Elder
1;Wrap in Vigor
1;Battle Screech
1;Brainstorm
1;Circular Logic
1;Counterspell
1;Gush
1;Chainer's Edict
1;Choking Sands
1;Chain Lightning
1;Fireblast
1;Blastoderm
1;Elephant Guide
1;Fyndhorn Elves
1;Krosan Tusker
1;Tangle
1;Armadillo Cloak
1;Barren Moor
1;Forgotten Cave
1;Secluded Steppe
1;Heliod's Pilgrim
1;Sign in Blood
1;Elvish Mystic
1;Darksteel Citadel
1;Evolving Wilds
1;Radiant Fountain
1;Reckless Abandon
1;Evolving Wilds
1;Lone Missionary
1;Seeker of the Way
1;Valley Dasher
1;Bloodfell Caves
1;Blossoming Sands
1;Dismal Backwater
1;Jungle Hollow
1;Scoured Barrens
1;Swiftwater Cliffs
1;Thornwood Falls
1;Wind-Scarred Crag
1;Kor Sanctifiers
1;Compulsive Research
1;Exclude
1;Mulldrifter
1;Sea Gate Oracle
1;Gray Merchant of Asphodel
1;Sign in Blood
1;Tendrils of Corruption
1;Faithless Looting
1;Elvish Mystic
1;Elvish Visionary
1;Essence Warden
1;Llanowar Elves
1;Lys Alana Huntmaster
1;Priest of Titania
1;Sylvan Ranger
1;Timberwatch Elf
1;Wellwisher
1;Barren Moor
1;Bojuka Bog
1;Darksteel Citadel
1;Evolving Wilds
1;Forgotten Cave
1;Great Furnace
1;Remote Isle
1;Secluded Steppe
1;Secluded Steppe
1;Stinkweed Imp
1;Duress
1;Barren Moor
1;Llanowar Elves
1;Lys Alana Huntmaster
1;Timberwatch Elf
1;Wellwisher
1;Goblin Cohort
1;Forgotten Cave
1;Blastoderm
1;Krosan Tusker
1;Rancor
1;Lignify
1;Elephant Guide
1;Serrated Arrows
1;Phyrexian Rager
1;Faerie Macabre
1;Sign in Blood
1;Snuff Out
1;Tendrils of Corruption
1;Mulldrifter
1;Spire Golem
1;Daze
1;Counterspell
1;Gush
1;Condescend
1;Magma Jet
1;Fireblast
1;Goblin Heelcutter
1;Temur Battle Rage
1;Bloodfell Caves
1;Blossoming Sands
1;Dismal Backwater
1;Jungle Hollow
1;Scoured Barrens
1;Swiftwater Cliffs
1;Thornwood Falls
1;Wind-Scarred Crag
1;Kor Skyfisher
1;Secluded Steppe
1;Accumulated Knowledge
1;Coiling Oracle
1;Evolving Wilds
1;Duress
1;Epic Confrontation
1;Evolving Wilds
1;Capsize
1;Counterspell
1;Shadow Rift
1;Evincar's Justice
1;Mogg Conscripts
1;Rolling Thunder
1;Muscle Sliver
1;Tranquility
1;Apostle's Blessing
1;Mulldrifter
1;Thoughtcast
1;Vapor Snag
1;Shrivel
1;Sign in Blood
1;Gut Shot
1;Lightning Bolt
1;Smash to Smithereens
1;Mutagenic Growth
1;Nest Invader
1;Vines of Vastwood
1;Expedition Map
1;Flayer Husk
1;Frogmite
1;Myr Enforcer
1;Azorius Chancery
1;Boros Garrison
1;Darksteel Citadel
1;Dimir Aqueduct
1;Evolving Wilds
1;Golgari Rot Farm
1;Izzet Boilerworks
1;Orzhov Basilica
1;Simic Growth Chamber
1;Faerie Miscreant
1;Smash to Smithereens
1;Caustic Caterpillar
1;Elvish Visionary
1;Reclaim
1;Alchemist's Vial
1;Evolving Wilds
1;Evolving Wilds
1;Dispel
1;Rolling Thunder
1;Evolving Wilds
1;Kor Sanctifiers
1;Brainstorm
1;Echoing Truth
1;Mulldrifter
1;Ninja of the Deep Hours
1;Preordain
1;Phyrexian Rager
1;Faithless Looting
1;Elvish Visionary
1;Sakura-Tribe Elder
1;Coiling Oracle
1;Barren Moor
1;Boros Garrison
1;Evolving Wilds
1;Forgotten Cave
1;Golgari Rot Farm
1;Izzet Boilerworks
1;Jungle Hollow
1;Orzhov Basilica
1;Scoured Barrens
1;Secluded Steppe
1;Simic Growth Chamber
1;Swiftwater Cliffs
1;Thornwood Falls
1;Wind-Scarred Crag
1;Brainstorm
1;Compulsive Research
1;Faithless Looting
1;Nest Invader
1;Rancor
1;Sakura-Tribe Elder
1;Bojuka Bog
1;Khalni Garden
1;Comparative Analysis
1;Natural State
1;Pulse of Murasa
1;Forbidden Alchemy
1;Victim of Night
1;Dismal Backwater
1;Thraben Inspector
1;Dead Weight
1;Coalition Honor Guard
1;Brainstorm
1;Counterspell
1;Daze
1;Hydroblast
1;Duress
1;Innocent Blood
1;Night's Whisper
1;Phyrexian Rager
1;Chain Lightning
1;Faithless Looting
1;Pyroblast
1;Stingscourger
1;Abundant Growth
1;Ancestral Mask
1;Commune with the Gods
1;Elephant Guide
1;Elvish Vanguard
1;Fog
1;Llanowar Elves
1;Lys Alana Huntmaster
1;Rancor
1;Timberwatch Elf
1;Armadillo Cloak
1;Prismatic Lens
1;Relic of Progenitus
1;Bloodfell Caves
1;Blossoming Sands
1;Dismal Backwater
1;Jungle Hollow
1;Scoured Barrens
1;Swiftwater Cliffs
1;Thornwood Falls
1;Wind-Scarred Crag
1;Thermo-Alchemist
1;Palace Sentinels
1;Thorn of the Black Rose
1;Mnemonic Wall
1;Flame Slash
1;Kiln Fiend
1;Coiling Oracle
1;Evolving Wilds
1;Elvish Visionary
1;Khalni Garden
1;Disfigure
1;Doom Blade
1;Innocent Blood
1;Tendrils of Corruption
1;Gearseeker Serpent
1;Prophetic Prism
1;Ash Barrens
1;Arcane Denial
1;Sakura-Tribe Elder
1;Coiling Oracle
1;Terminate
1;Azorius Chancery
1;Boros Garrison
1;Darksteel Citadel
1;Dimir Aqueduct
1;Dismal Backwater
1;Evolving Wilds
1;Golgari Rot Farm
1;Izzet Boilerworks
1;Jungle Hollow
1;Orzhov Basilica
1;Seat of the Synod
1;Simic Growth Chamber
1;Swiftwater Cliffs
1;Thornwood Falls
1;Palace Sentinels
1;Thorn of the Black Rose
1;Ash Barrens
1;Ninja of the Deep Hours
1;Okiba-Gang Shinobi
1;Fling
1;Aura Gnarlid
1;Nest Invader
1;Penumbra Spider
1;Quiet Disrepair
1;Rancor
1;Silhana Ledgewalker
1;Flayer Husk
1;Dimir Aqueduct
1;Khalni Garden
1;Metallic Rebuke
1;Kor Skyfisher
1;Lone Missionary
1;Augur of Bolas
1;Compulsive Research
1;Forbidden Alchemy
1;Ghostly Flicker
1;Mystical Teachings
1;Sea Gate Oracle
1;Ancient Grudge
1;Magma Jet
1;Molten Rain
1;Penumbra Spider
1;Sylvan Ranger
1;Coiling Oracle
1;Dinrova Horror
1;Soul Manipulation
1;Terminate
1;Burning-Tree Emissary
1;Snap
1;Rift Bolt
1;Nivix Cyclops
1;Swiftwater Cliffs
1;Skarrgan Pit-Skulk
1;Burning-Tree Emissary
1;Cartouche of Solidarity
1;Essence Scatter
1;Blazing Volley
1;Fling
1;Cartouche of Strength
1;Luxa River Shrine
1;Evolving Wilds
1;Painted Bluffs
1;Arcane Denial
1;Evincar's Justice
1;Phyrexian Rager
1;Elvish Mystic
1;Elvish Visionary
1;Essence Warden
1;Llanowar Elves
1;Lys Alana Huntmaster
1;Priest of Titania
1;Sakura-Tribe Elder
1;Sylvan Ranger
1;Timberwatch Elf
1;Wellwisher
1;Terminate
1;Azorius Chancery
1;Barren Moor
1;Bojuka Bog
1;Boros Garrison
1;Evolving Wilds
1;Forgotten Cave
1;Golgari Rot Farm
1;Jungle Hollow
1;Orzhov Basilica
1;Secluded Steppe
1;Compulsive Research
1;Doom Blade
1;Lightning Bolt
1;God-Pharaoh's Faithful
1;Firebrand Archer
1;Archaeomancer
1;Sea Gate Oracle
1;Terminate
1;Nihil Spellbomb
1;Bloodfell Caves
1;Blossoming Sands
1;Bojuka Bog
1;Boros Garrison
1;Dimir Aqueduct
1;Dismal Backwater
1;Evolving Wilds
1;Izzet Boilerworks
1;Kabira Crossroads
1;Orzhov Basilica
1;Scoured Barrens
1;Secluded Steppe
1;Swiftwater Cliffs
1;Wind-Scarred Crag
1;Dive Down
1;Prosperous Pirates
1;Duress
1;Essence Scatter
1;Ghostfire
1;Forgotten Cave
1;Seeker of the Way
1;Condescend
1;Mnemonic Wall
1;Doom Blade
1;Duress
1;Phyrexian Rager
1;Kiln Fiend
1;Rift Bolt
1;Lead the Stampede
1;Azorius Chancery
1;Boros Garrison
1;Dimir Aqueduct
1;Evolving Wilds
1;Golgari Rot Farm
1;Izzet Boilerworks
1;Orzhov Basilica
1;Radiant Fountain
1;Simic Growth Chamber
1;Doom Blade
1;Innocent Blood
1;Rancor
1;Prismatic Lens
1;Delver of Secrets
1;Evolving Wilds
